id,ts
1799146,1671928612
1799147,1672011412
1799145,1672015009
1799148,1672018562
1799149,1672022162
1799152,1672025763
1799153,1672029363
1799150,1672032964
1799151,1672036559
1799163,1672040091
1799170,1672043691
1799159,1672047292
1799164,1672050892
1799171,1672054492
1799165,1672058093
1799160,1672061693
1799161,1672065294
1799172,1672068894
1799167,1672072494
1799162,1672076095
1799168,1672079695
1799166,1672083288
1799323,1672086886
1799324,1672090486
1799326,1672094083
1799780,1672097623
1799778,1672101224
1799772,1672104824
1799773,1672108424
1799774,1672112025
1799775,1672115625
1799776,1672119225
1799777,1672122825
1799779,1672126420
1800532,1672129929
1800535,1672133529
1800536,1672137130
1800541,1672140730
1800533,1672144330
1800545,1672147931
1800546,1672151531
1800537,1672155132
1800538,1672158732
1800542,1672162332
1800539,1672165933
1800534,1672169534
1800548,1672173134
1800549,1672176734
1800531,1672180326
1800807,1672187507
1800806,1672191108
1800804,1672194708
1800803,1672198304
1800960,1672201876
1800961,1672205477
1800959,1672209073
1801375,1672212630
1801372,1672216231
1801367,1672219831
1801373,1672223432
1801370,1672227032
1801371,1672230632
1801368,1672234233
1801369,1672237827
1801475,1672241415
1801474,1672245012
1801887,1672248570
1801890,1672252171
1801883,1672255771
1801881,1672259372
1801888,1672262973
1801884,1672266573
1801891,1672270173
1801886,1672273767
1802063,1672277362
1802060,1672280963
1802058,1672284559
1802115,1672288153
1802169,1672291745
1802323,1672295323
1802326,1672298923
1802325,1672302520
1802487,1672306099
1802488,1672309700
1802486,1672313296
1802644,1672316886
1802648,1672320486
1802647,1672324083
1802701,1672327672
1803136,1672334836
1803142,1672338436
1803137,1672342037
1803138,1672345637
1803139,1672349238
1803140,1672352838
1803146,1672356433
1803583,1672360001
1803575,1672363601
1803584,1672367201
1803580,1672370802
1803581,1672374402
1803582,1672378002
1803586,1672381603
1803579,1672385197
1803697,1672388793
1803694,1672392390
1803976,1672395955
1803977,1672399555
1803978,1672403156
1803981,1672406756
1803979,1672410352
1804476,1672413919
1804477,1672417519
1804472,1672421120
1804473,1672424720
1804478,1672428321
1804474,1672431921
1804470,1672435516
1804534,1672439112
1804704,1672442701
1804705,1672446301
1804702,1672449898
1804758,1672453493
1805161,1672457041
1805159,1672460641
1805155,1672464241
1805160,1672467842
1805162,1672471442
1805156,1672475042
1805158,1672478637
1805223,1672482232
1805390,1672485819
1805385,1672489420
1805388,1672493016
1805500,1672496611
1805496,1672500208
1805554,1672503801
1805675,1672507397
1805670,1672510994
1805787,1672514581
1805781,1672518178
1805895,1672521774
1805893,1672525371
1805952,1672528964
1806116,1672532548
1806117,1672536148
1806121,1672539744
1806227,1672543337
1806228,1672546934
1806935,1672550488
1806939,1672554088
1806936,1672557688
1806940,1672561289
1806932,1672564889
1806933,1672568489
1806931,1672572084
1806995,1672575681
1807220,1672579264
1807224,1672582865
1807225,1672586465
1807228,1672590061
1807282,1672593654
1807506,1672597246
1807509,1672600846
1807507,1672604447
1807503,1672608043
1807567,1672611638
1807682,1672615226
1807675,1672618823
1807734,1672622411
1807849,1672626002
1807853,1672629599
1807964,1672633192
1807968,1672636788
1808024,1672640382
1808138,1672643970
1808137,1672647567
1808198,1672651164
1808600,1672654723
1808595,1672658323
1808601,1672661923
1808604,1672665524
1808605,1672669124
1808596,1672672725
1808594,1672676319
1808773,1672679913
1808774,1672683514
1808775,1672687110
1809165,1672690666
1809170,1672694266
1809166,1672697866
1809172,1672701466
1809171,1672705067
1809173,1672708667
1809164,1672712262
1809229,1672715857
1809335,1672719445
1809337,1672723042
1809453,1672726634
1809452,1672730231
1809622,1672733810
1809627,1672737411
1809626,1672741007
1809737,1672744598
1809736,1672748195
1809852,1672751791
1809851,1672755387
1809970,1672758980
1809973,1672762576
1810034,1672766169
1810205,1672769753
1810199,1672773353
1810203,1672776950
1810259,1672780544
1810374,1672784139
1810373,1672787736
1810427,1672791332
1810548,1672794923
1810547,1672798519
1810828,1672802107
1810829,1672805708
1810830,1672809308
1810831,1672812908
1810827,1672816504
1810949,1672820098
1810946,1672823695
1811007,1672827286
1811060,1672830877
1811175,1672834464
1811171,1672838060
1811233,1672841654
1811351,1672845240
1811345,1672848837
1811407,1672852429
1811571,1672856015
1811576,1672859616
1811573,1672863212
1811641,1672866804
1811695,1672870401
1811817,1672873987
1811818,1672877584
1812026,1672881177
1812022,1672884777
1812021,1672888373
1812305,1672891959
1812310,1672895560
1812306,1672899160
1812309,1672902756
1812615,1672906336
1812609,1672909937
1812616,1712485020
1812614,1672917133
1812923,1672920710
1812926,1672924311
1812930,1672927911
1812924,1672931511
1812925,1672935107
1813766,1672938646
1813767,1672942247
1813759,1672945847
1813763,1672949447
1813760,1672953048
1813771,1672956648
1813768,1672963848
1813761,1672967449
1813765,1672971043
1813847,1672974642
1813971,1672978234
1813970,1672981831
1814107,1672985424
1814106,1672989020
1814176,1672992615
1814309,1672996209
1814308,1672999806
1814587,1673003385
1814588,1673006986
1814581,1673010586
1814582,1673014182
1814782,1673017766
1814776,1673021366
1814775,1673024962
1814851,1673028562
1815120,1673032145
1815121,1673035745
1815122,1673039346
1815117,1673042942
1815193,1673046535
1815246,1673050128
1815643,1673053709
1815649,1673057309
1815646,1673060910
1815644,1673064510
1815648,1673068106
1815779,1673071688
1815777,1673075284
1815843,1673078874
1815916,1673082468
1815986,1673086055
1816046,1673089648
1816113,1673093244
1816254,1673096844
1816249,1673100441
1816389,1673104029
1816386,1673107625
1816454,1673111218
1816717,1673114793
1816721,1673118394
1816723,1673121994
1816718,1673125590
1816789,1673129180
1816856,1673132768
1816922,1673136362
1816993,1673139952
1817396,1673143525
1817406,1673147125
1817397,1673150726
1817407,1673154326
1817398,1673157926
1817395,1673161522
1818007,1673165067
1818011,1673168667
1818012,1673172268
1818008,1673175868
1818000,1673179468
1818002,1673183069
1818001,1673186669
1818013,1673190269
1818006,1673193864
1818140,1673197457
1818139,1673201054
1818201,1673204646
1818274,1673208238
1818653,1673211798
1818646,1673215399
1818648,1673218999
1818654,1673222599
1818652,1673226195
1818713,1673229790
1818851,1673233381
1818850,1673236977
1819058,1673240560
1819052,1673244161
1819062,1673247757
1819457,1673251325
1819459,1673254926
1819466,1673258526
1819462,1673262126
1819463,1673265727
1819458,1673269322
1819668,1673272912
1819663,1673276512
1819662,1673280108
1819730,1673283704
1819796,1673287299
1820051,1673290879
1820056,1673294479
1820055,1673298075
1820486,1673301637
1820487,1673305237
1820480,1673308838
1820488,1673312438
1820489,1673316039
1820485,1673319634
1820688,1673323210
1820690,1673326810
1820695,1673330407
1820844,1673334001
1820833,1673337598
1820909,1673341193
1821052,1673344781
1821049,1673348378
1821185,1673351967
1821189,1673355563
1821467,1673359138
1821476,1673362738
1821468,1673366339
1821462,1673369935
1821613,1673373537
1821612,1673377133
1821743,1673380728
1821748,1673384324
1821816,1673387915
1822838,1673391429
1822836,1673395029
1822839,1673402229
1822848,1673405830
1822854,1673409430
1822849,1673413030
1822850,1673416631
1822855,1673420231
1822851,1673423831
1822840,1673427432
1822852,1673431032
1822856,1673434633
1822847,1673438225
1823205,1673441813
1823198,1673445414
1823199,1673449014
1823200,1673452615
1823212,1673456210
1823276,1673459798
1823551,1673463376
1823552,1673466976
1823553,1673470577
1823550,1673474173
1823781,1673477757
1823782,1673481358
1823786,1673484954
1823857,1673488550
1823938,1673492145
1824091,1673495740
1824090,1673499336
1824164,1673502924
1824251,1673506516
1824381,1673510101
1824387,1673513698
1824449,1673517292
1824687,1673520870
1824690,1673524471
1824686,1673528067
1824839,1673531661
1824833,1673535258
1825135,1673538830
1825136,1673542430
1825140,1673546030
1825134,1673549626
1825304,1673553221
1825310,1673556818
1825385,1673560405
1825560,1673564002
1825563,1673567599
1825634,1673571194
1825715,1673574786
1825812,1673578383
1825969,1673581978
1825963,1673585575
1826198,1673589161
1826204,1673592761
1826213,1673596358
1826382,1673599947
1826366,1673603543
1826463,1673607138
1826534,1673610729
1826623,1673614323
1826701,1673617916
1826863,1673621504
1826860,1673625100
1826952,1673628693
1827108,1673632275
1827107,1673635872
1827346,1673639454
1827339,1673643055
1827345,1673646650
1827419,1673650245
1827616,1673653842
1827612,1673657438
1827702,1673661028
1827962,1673664602
1827970,1673668202
1827969,1673671799
1828139,1673675390
1828136,1673678987
1828225,1673682583
1828395,1673686172
1828400,1673689769
1828641,1673693357
1828648,1673696958
1828653,1673700554
1828746,1673704144
1828909,1673707732
1828913,1673711329
1828997,1673714917
1829086,1673718510
1829336,1673722100
1829328,1673725700
1829335,1673729296
1829420,1673732893
1829846,1673736460
1829862,1673740060
1829847,1673743661
1829863,1673747261
1829861,1673750857
1829941,1673754454
1830039,1673758045
1830122,1673761640
1830302,1673765234
1830301,1673768831
1830389,1673772428
1830469,1673776021
1830737,1673779609
1830738,1673783209
1830736,1673786806
1830823,1673790400
1831171,1673793983
1831175,1673797583
1831172,1673801183
1831170,1673804779
1831341,1673808378
1831344,1673811974
1831429,1673815565
1831785,1673819142
1831780,1673822742
1831781,1673826343
1831784,1673829939
1831888,1673833535
1832064,1673837120
1832066,1673840717
1832154,1673844308
1832406,1673847892
1832407,1673851492
1832404,1673855089
1832839,1673858670
1832849,1673862270
1832846,1673865871
1832840,1673869471
1832848,1673873067
1833033,1673876663
1833031,1673880259
1833202,1673883850
1833214,1673887447
1833289,1673891037
1833639,1673894618
1833640,1673898219
1833641,1673901819
1833634,1673905415
1833736,1673909013
1833825,1673912604
1834176,1673916185
1834171,1673919785
1834172,1673923385
1834182,1673926982
1834272,1673930575
1834365,1673934167
1834714,1673937745
1834706,1673941345
1834702,1673944945
1834713,1673948541
1834889,1673952132
1834891,1673955729
1834983,1673959317
1835242,1673962909
1835232,1673966509
1835241,1673970106
1835418,1673973693
1835422,1673977290
1835506,1673980883
1835695,1673984474
1835704,1673988071
1835873,1673991657
1835875,1673995254
1836156,1674002446
1836155,1674006043
1836252,1674009636
1836349,1674013231
1836446,1674016825
1836543,1674020418
1836735,1674024005
1836734,1674027601
1836833,1674031191
1837018,1674034785
1837025,1674038382
1837208,1674041967
1837207,1674045564
1837496,1674049150
1837489,1674052750
1837484,1674056346
1837772,1674059933
1837780,1674063533
1837768,1674067129
1837960,1674070734
1837959,1674074331
1838051,1674077928
1838249,1674081516
1838245,1674085113
1839082,1674088703
1839190,1674092307
1839288,1674095907
1839856,1674099481
1839851,1674103082
1839857,1674106682
1839858,1674110282
1839852,1674113883
1839848,1674117478
1839958,1674121071
1840046,1674124663
1840249,1674128249
1840240,1674131846
1840385,1674135432
1840482,1674139028
1840574,1674142623
1840675,1674146218
1840769,1674149819
1840957,1674153409
1840956,1674157006
1841145,1674160600
1841144,1674164197
1841248,1674167791
1841352,1674171387
1841648,1674174965
1841639,1674178566
1841644,1674182162
1841742,1674185758
1841844,1674189349
1841947,1674192940
1842238,1674196529
1842247,1674200130
1842246,1674203726
1842441,1674207321
1842446,1674210918
1842655,1674214511
1842640,1674218108
1842749,1674221707
1842845,1674225305
1843372,1674228879
1843373,1674236079
1843366,1674239680
1843371,1674243276
1843455,1674246874
1843769,1674250457
1843763,1674254058
1843780,1674257654
1844197,1674261251
1844198,1674264851
1844199,1674268452
1844196,1674272048
1844613,1674275624
1844591,1674279224
1844614,1674282824
1844612,1674286420
1844708,1674290009
1844909,1674293595
1844902,1674297191
1845018,1674300784
1845126,1674304377
1845537,1674307966
1845529,1674311567
1845538,1674315167
1845536,1674318763
1845644,1674322354
1846167,1674329525
1846168,1674333125
1846169,1674336726
1846158,1674340322
1846272,1674343917
1846376,1674347514
1846677,1674351105
1846685,1674354706
1846684,1674358302
1846769,1674361898
1846879,1674365490
1846986,1674369086
1847178,1674372670
1847181,1674376267
1847289,1674379859
1847381,1674383453
1847496,1674387047
1847605,1674390644
1847817,1674394232
1847819,1674397829
1847901,1674401426
1848119,1674405017
1848118,1674408614
1848226,1674412207
1848314,1674415792
1848621,1674419381
1848629,1674422981
1848633,1674426578
1848723,1674430179
1848932,1674433770
1848937,1674437366
1849053,1674440958
1849255,1674444548
1849240,1674448145
1849343,1674451738
1849472,1674455332
1849554,1674458926
1849657,1674462518
1849766,1674466109
1849869,1674469699
1849970,1674473285
1850176,1674476880
1850168,1674480477
1850390,1674484069
1850388,1674487666
1850492,1674491263
1850588,1674494851
1850911,1674502040
1850901,1674505637
1851001,1674509227
1851101,1674512820
1851750,1674516403
1851738,1674520003
1851739,1674523603
1851740,1674527203
1851748,1674530804
1851747,1674534399
1852170,1674537978
1852179,1674541578
1852180,1674545178
1852185,1674548774
1852282,1674552369
1852407,1674555965
1852497,1674559554
1852607,1674563145
1852715,1674566738
1852918,1674570336
1852917,1674573933
1853110,1674577521
1853119,1674581117
1853211,1674584710
1853440,1674588304
1853439,1674591900
1853557,1674595492
1853850,1674599080
1853851,1674602681
1853841,1674606277
1853962,1674609871
1854065,1674613465
1854188,1674617058
1854499,1674620640
1854509,1674624240
1854498,1674627837
1854833,1674631425
1854843,1674635026
1854845,1674638622
1855045,1674642213
1855049,1674645810
1855370,1674649392
1855371,1674652993
1855378,1674656589
1855487,1674660184
1855591,1674663780
1855803,1674667362
1855805,1674670959
1855904,1674674554
1856390,1674678134
1856384,1674681734
1856386,1674685331
1856600,1674688924
1856608,1674692521
1856707,1674696117
1856942,1674703308
1857039,1674706897
1857149,1674710486
1857480,1674714077
1857476,1674717678
1857464,1674721274
1857687,1674724868
1857695,1674728465
1858005,1674732051
1858003,1674735652
1858017,1674739248
1858125,1674742842
1858226,1674746438
1858552,1674750020
1858540,1674753620
1858544,1674757217
1858653,1674760813
1858869,1674764397
1858868,1674767993
1858984,1674771583
1859097,1674775174
1859204,1674778770
1859318,1674782359
1859427,1674785950
1859645,1674789538
1859642,1674793135
1859868,1674796727
1859872,1674800323
1859968,1674803914
1860292,1674807490
1860293,1674811091
1860296,1674814687
1860394,1674818281
1861040,1674821855
1861041,1674825455
1861034,1674829055
1861035,1674832656
1861036,1674836256
1861033,1674839851
1861150,1674843450
1861250,1674847046
1861363,1674850638
1861587,1674854226
1861580,1674857822
1861684,1674861419
1861792,1674865012
1862122,1674868597
1862123,1674872198
1862121,1674875794
1862237,1674879388
1862345,1674882983
1862552,1674886566
1862543,1674890163
1862760,1674893758
1862770,1674897355
1862889,1674900949
1862986,1674904543
1863204,1674908142
1863196,1674911739
1863413,1674915334
1863412,1674918931
1863636,1674922522
1863634,1674926119
1863836,1674929712
1863941,1674933306
1864052,1674936900
1864173,1674940495
1864387,1674944083
1864381,1674947680
1864491,1674951270
1864938,1674954845
1864929,1674958445
1864935,1674962045
1864934,1674965641
1865052,1674969235
1865160,1674972827
1865274,1674976420
1865484,1674980015
1865474,1674983611
1865599,1674987200
1865822,1674990789
1865821,1674994385
1866037,1674997977
1866041,1675001574
1866154,1675005172
1866259,1675008762
1866359,1675012358
1866568,1675015949
1866575,1675019545
1866679,1675023138
1866797,1675026733
1867123,1675030316
1867113,1675033917
1867117,1675037513
1867328,1675041106
1867338,1675044702
1867726,1675048273
1867727,1675051874
1867738,1675055470
1867839,1675059067
1867948,1675062656
1868058,1675066252
1868186,1675069846
1868290,1675073437
1868407,1675077024
1868507,1675080617
1868750,1675084209
1868735,1675087806
1868952,1675091396
1868962,1675094992
1869040,1675098585
1869267,1675102172
1869258,1675105769
1869375,1675109363
1869669,1675112949
1869673,1675120146
1869784,1675123736
1869886,1675127330
1870099,1675130925
1870105,1675134521
1870212,1675138116
1870306,1675141710
1870729,1675145297
1870726,1675148897
1870728,1675156093
1870943,1675159690
1870946,1675163286
1871073,1675166876
1871171,1675170471
1871295,1675174066
1871377,1675177664
1871509,1675181259
1871714,1675184849
1871713,1675188446
1871810,1675192038
1871925,1675195636
1872041,1675199233
1872150,1675202827
1872252,1675206420
1872364,1675210012
1872460,1675213605
1872795,1675217193
1872800,1675220794
1872794,1675224390
1872902,1675227987
1873024,1675231578
1873124,1675235170
1873232,1675238760
1873333,1675242354
1873567,1675245942
1873559,1675249538
1873679,1675253139
1873770,1675256727
1874109,1675260305
1874103,1675263905
1874102,1675267501
1874316,1675271094
1874318,1675274691
1874522,1675278292
1874534,1675281889
1874734,1675285469
1874733,1675289066
1874876,1675292661
1875209,1675296244
1875210,1675299844
1875208,1675303440
1875324,1675307037
1875409,1675310631
1875536,1675314225
1875622,1675317814
1875746,1675321409
1875853,1675325000
1875975,1675328592
1876407,1675332180
1876403,1675335780
1876409,1675339381
1876406,1675342976
1876612,1675346574
1876620,1675350171
1876833,1675353756
1876831,1675357353
1876942,1675360950
1877048,1675364549
1877171,1675368142
1877279,1675371735
1877378,1675375330
1877484,1675378926
1877603,1675382511
1877707,1675386106
1877821,1675389706
1877932,1675393301
1878040,1675396902
1878377,1675400481
1878378,1675404082
1878367,1675407678
1878496,1675411272
1878711,1675414866
1878699,1675418462
1879038,1675422041
1879039,1675425642
1879037,1675429238
1879141,1675432834
1879356,1675436431
1879370,1675440028
1879570,1675443623
1879569,1675447219
1879682,1675450807
1879898,1675454396
1879897,1675457993
1880015,1675461586
1880112,1675465182
1880239,1675468776
1880348,1675472370
1880566,1675475966
1880564,1675479563
1880680,1675483162
1880901,1675486751
1880902,1675490348
1881015,1675493941
1881354,1675497531
1881348,1675501131
1881353,1675504727
1881450,1675508317
1881582,1675511911
1881668,1675515502
1881892,1675519101
1881890,1675522698
1882019,1675526294
1882107,1675529887
1882341,1675533488
1882337,1675537084
1882461,1675540676
1882550,1675544269
1882716,1675547862
1882942,1675551454
1882949,1675555051
1883048,1675558647
1883166,1675562237
1883282,1675565832
1883396,1675569426
1883623,1675573011
1883622,1675576608
1883848,1675580198
1883847,1675583795
1883963,1675587391
1884069,1675590982
1884187,1675594570
1884298,1675598162
1884431,1675601755
1884526,1675605344
1884649,1675608939
1884768,1675612528
1885005,1675616111
1885001,1675619708
1885242,1675623298
1885238,1675626894
1885344,1675630489
1885687,1675634074
1885694,1675637674
1885688,1675641271
1885935,1675644873
1885923,1675648470
1886036,1675652064
1886158,1675655657
1886289,1675659248
1886394,1675662839
1886494,1675666432
1886748,1675673613
1886863,1675677209
1886984,1675680800
1887214,1675684395
1887202,1675687992
1887342,1675691584
1887455,1675695173
1887569,1675698763
1887669,1675702355
1887802,1675705948
1887926,1675709544
1888036,1675713139
1888140,1675716737
1888268,1675720334
1888375,1675723924
1888640,1675727517
1888687,1675731111
1888754,1675734704
1888837,1675738299
1888940,1675741892
1889075,1675745482
1889302,1675749068
1889312,1675752665
1889425,1675756261
1889532,1675759854
1889652,1675763450
1889767,1675767040
1889879,1675770634
1890157,1675774229
1890162,1675777826
1890257,1675781422
1890527,1675785016
1890879,1675788619
1890874,1675792219
1890863,1675795815
1890973,1675799412
1891224,1675802998
1891223,1675806595
1891328,1675810184
1891442,1675813777
1891675,1675817370
1891686,1675820966
1891795,1675824561
1891916,1675828153
1892038,1675831749
1892150,1675835342
1892263,1675838938
1892381,1675842527
1892506,1675846123
1892632,1675849719
1892730,1675853311
1892840,1675856902
1893079,1675860493
1893073,1675864090
1893211,1675867684
1893304,1675871277
1893535,1675874870
1893538,1675878466
1893656,1675882057
1893892,1675885649
1893874,1675889246
1893993,1675892839
1894124,1675896439
1894237,1675900035
1894483,1675903623
1894468,1675907220
1894617,1675910811
1894737,1675914406
1894880,1675918002
1895122,1675921592
1895127,1675925189
1895473,1675928776
1895476,1675932376
1895467,1675935973
1895612,1675939566
1895717,1675943157
1895856,1675946741
1895954,1675950335
1896083,1675953928
1896207,1675957521
1896453,1675961104
1896445,1675964701
1896555,1675968296
1896695,1675971888
1896806,1675975480
1896938,1675979073
1897054,1675982665
1897191,1675986261
1897297,1675989855
1897436,1675993450
1897556,1675997041
1897782,1676000629
1897781,1676004226
1897921,1676007822
1898166,1676011414
1898161,1676015011
1898294,1676018603
1898405,1676022196
1898537,1676025790
1898664,1676029383
1898781,1676032975
1899009,1676036567
1899018,1676040163
1899142,1676043755
1899264,1676047347
1899386,1676050939
1899519,1676054531
1899637,1676058126
1899760,1676061719
1899891,1676065310
1900258,1676068899
1900259,1676072500
1900255,1676076096
1900521,1676079685
1900508,1676083282
1900748,1676086870
1900868,1676090477
1901008,1676094071
1901262,1676097673
1901248,1676101269
1901370,1676104861
1901512,1676108455
1901640,1676112049
1901753,1676115639
1901883,1676119232
1902025,1676122827
1902145,1676126419
1902266,1676130017
1902387,1676133613
1902500,1676137209
1902634,1676140804
1902766,1676144413
1902894,1676148004
1903018,1676151595
1903277,1676155183
1903276,1676158780
1903525,1676165971
1903773,1676169558
1903778,1676173154
1903892,1676176746
1904022,1676180339
1904152,1676183933
1904276,1676187524
1904394,1676191121
1904535,1676194716
1904666,1676198309
1904901,1676205500
1905036,1676209093
1905170,1676212687
1905298,1676216279
1905406,1676219874
1905663,1676227058
1905798,1676230650
1906045,1676234247
1906050,1676237843
1906162,1676241438
1906547,1676245022
1906548,1676248623
1906555,1676252219
1906670,1676255811
1906793,1676259406
1906910,1676262999
1907180,1676266580
1907169,1676270176
1907293,1676273771
1907422,1676277362
1907664,1676280948
1907671,1676284545
1907798,1676288131
1908038,1676291723
1908029,1676295320
1908160,1676298919
1908283,1676302514
1908399,1676306103
1908510,1676309706
1908613,1676313301
1908740,1676316895
1908837,1676320491
1908959,1676324081
1909062,1676327676
1909180,1676331267
1909291,1676334853
1909543,1676338456
1909529,1676342052
1909671,1676345648
1909785,1676349234
1909912,1676352825
1910008,1676356413
1910114,1676360005
1910213,1676363597
1910333,1676367190
1910662,1676370783
1910670,1676374383
1910661,1676377979
1910774,1676381570
1910877,1676385160
1911000,1676388750
1911340,1676399564
1911553,1676403153
1911551,1676406750
1911675,1676410348
1911781,1676413950
1911945,1676417551
1912048,1676421132
1912150,1676424729
1912268,1676428320
1912381,1676431912
1912494,1676435502
1912608,1676439096
1912730,1676442692
1912972,1676446286
1912961,1676449883
1913063,1676453473
1913199,1676457067
1913321,1676460657
1913452,1676464253
1913573,1676467848
1913692,1676471442
1913788,1676475038
1913913,1676478637
1914286,1676482216
1914280,1676485817
1914271,1676489413
1914389,1676493011
1914518,1676496603
1914621,1676500196
1914737,1676503791
1914985,1676507372
1914996,1676510969
1915226,1676514549
1915208,1676518146
1915454,1676521735
1915470,1676525332
1915579,1676528919
1915694,1676532509
1915817,1676536104
1915943,1676539697
1916297,1676543289
1916291,1676546889
1916300,1676550486
1916535,1676554080
1916520,1676557677
1916648,1676561271
1916889,1676564875
1916883,1676568471
1917018,1676572060
1917242,1676575651
1917244,1676579247
1917471,1676582838
1917465,1676586434
1917709,1676590030
1917718,1676593627
1917838,1676597224
1917946,1676600824
1918072,1676604407
1918442,1676607994
1918440,1676611594
1918452,1676615191
1918573,1676618788
1918681,1676622384
1918816,1676625976
1918934,1676629567
1919076,1676633162
1919181,1676636752
1919309,1676640343
1919562,1676643939
1919548,1676647536
1919675,1676651130
1919808,1676654720
1919918,1676658321
1920043,1676661924
1920150,1676665509
1920277,1676669106
1920392,1676672719
1920646,1676680001
1920777,1676683602
1921029,1676687195
1921270,1676694508
1921388,1676698097
1921502,1676701748
1921639,1676705343
1921763,1676708931
1921878,1676712522
1922004,1676716116
1922119,1676719769
1922231,1676723367
1922346,1676727018
1922563,1676734333
1922684,1676737925
1922806,1676741520
1922914,1676745110
1923034,1676748705
1923144,1676752306
1923250,1676755911
1923369,1676759510
1923483,1676763093
1923721,1676770281
1923857,1676773877
1923979,1676777468
1924099,1676781058
1924333,1676784637
1924342,1676788234
1924465,1676791833
1924951,1676795411
1924957,1676799011
1924952,1676802612
1924948,1676806208
1925061,1676809804
1925313,1676813397
1925312,1676816994
1925439,1676820593
1925546,1676824185
1925788,1676827787
1925793,1676831384
1925913,1676834978
1926038,1676838568
1926153,1676842166
1926269,1676845762
1926637,1676849358
1926638,1676852958
1926644,1676856555
1927008,1676860140
1927009,1676863740
1927007,1676867336
1927130,1676870927
1927384,1676874515
1927375,1676878111
1927499,1676881706
1927750,1676885286
1927749,1676888882
1927877,1676892478
1928013,1676896072
1928132,1676899666
1928239,1676903257
1928375,1676906858
1928624,1676914038
1928729,1676917635
1928860,1676921234
1928986,1676924830
1929115,1676928423
1929225,1676932018
1929610,1676935613
1929613,1676939213
1929620,1676942810
1929739,1676946401
1929863,1676949992
1930124,1676953581
1930138,1676957178
1930250,1676960765
1930372,1676964359
1930647,1676967941
1930632,1676971538
1930764,1676975132
1930893,1676978728
1931025,1676982315
1931136,1676985910
1931276,1676989512
1931397,1676993107
1931528,1676996700
1931914,1677000288
1931915,1677003888
1931909,1677007485
1932039,1677011079
1932165,1677014674
1932287,1677018268
1932668,1677021861
1932674,1677025461
1932673,1677029058
1932794,1677032650
1932927,1677036241
1933052,1677039834
1933192,1677043428
1933300,1677047018
1933442,1677050607
1933573,1677054201
1933846,1677057793
1933841,1677061389
1934356,1677064970
1934363,1677068570
1934364,1677072171
1934360,1677075767
1934487,1677079360
1934612,1677082950
1934749,1677086544
1934870,1677090137
1935009,1677093730
1935136,1677097322
1935635,1677100899
1935626,1677104499
1935641,1677108100
1935634,1677111696
1935783,1677115285
1935909,1677118875
1936055,1677122463
1936302,1677126050
1936309,1677129647
1936438,1677133242
1936572,1677136836
1936844,1677140424
1936843,1677144021
1936977,1677147611
1937117,1677151207
1937235,1677154801
1937373,1677158397
1937501,1677161991
1937633,1677165586
1937772,1677169179
1938045,1677172766
1938034,1677176362
1938165,1677179960
1938309,1677183552
1938442,1677187146
1938569,1677190738
1939099,1677194321
1939095,1677197921
1939100,1677201522
1939094,1677205118
1939225,1677208708
1939369,1677212301
1939501,1677215901
1939762,1677219494
1939761,1677223091
1939909,1677226683
1940026,1677230275
1940180,1677233866
1940306,1677237460
1940450,1677241054
1940578,1677244645
1940722,1677248235
1941103,1677251813
1941111,1677255413
1941101,1677259009
1941252,1677262602
1941385,1677266200
1941653,1677269790
1941652,1677273387
1942598,1677276977
1942714,1677280573
1942866,1677284166
1943001,1677287759
1943140,1677291354
1943689,1677294945
1943675,1677298547
1943690,1677302148
1943668,1677305741
1943807,1677309340
1943967,1677312929
1944079,1677316522
1944628,1677320107
1944629,1677323707
1944630,1677327308
1944622,1677330904
1944771,1677334500
1944884,1677338092
1945027,1677341692
1945151,1677345281
1945300,1677348875
1945439,1677352465
1945715,1677356059
1945714,1677359655
1946009,1677363249
1946008,1677366846
1946385,1677370441
1946673,1677374028
1946672,1677377625
1946813,1677381218
1946959,1677384810
1947239,1677388398
1947238,1677391995
1947373,1677395592
1947523,1677399182
1947654,1677402774
1947804,1677406364
1947950,1677409958
1948068,1677413548
1948219,1677417141
1948480,1677420735
1948484,1677424331
1948891,1677427929
1948896,1677431530
1948890,1677435126
1949043,1677438718
1949172,1677442317
1949326,1677445909
1949473,1677449501
1949610,1677453094
1950183,1677456678
1950185,1677460278
1950176,1677463879
1950175,1677467475
1950335,1677471054
1950473,1677474642
1950601,1677478242
1951183,1677481835
1951184,1677485435
1951179,1677489035
1951167,1677492631
1951323,1677496227
1951456,1677499820
1951601,1677503414
1951728,1677507004
1951885,1677510594
1952026,1677514196
1952167,1677517795
1952312,1677521390
1952441,1677524989
1952569,1677528584
1952712,1677532176
1952849,1677535773
1952993,1677539367
1953128,1677542964
1953420,1677546549
1953409,1677550146
1953537,1677553741
1953689,1677557336
1953967,1677560925
1953964,1677564522
1954104,1677568115
1954240,1677571707
1954397,1677575299
1954532,1677578891
1954956,1677582482
1954965,1677586082
1954950,1677589678
1955100,1677593272
1955238,1677596867
1955406,1677600462
1955537,1677604055
1955810,1677607648
1955804,1677611245
1955951,1677614838
1956103,1677618434
1956231,1677622026
1956686,1677625601
1956672,1677629201
1956685,1677632798
1956819,1677636388
1956955,1677639982
1957099,1677643569
1957249,1677647160
1957524,1677650750
1957533,1677654347
1957680,1677657943
1957813,1677661535
1957968,1677665124
1958114,1677668721
1958256,1677672313
1958388,1677675906
1958537,1677679500
1958668,1677683096
1958950,1677686689
1958946,1677690286
1959097,1677693875
1959221,1677697466
1959663,1677701056
1959671,1677704656
1959670,1677708252
1959826,1677711844
1959976,1677715440
1960112,1677719040
1960401,1677722635
1960400,1677726232
1960674,1677729834
1960673,1677733431
1960821,1677737025
1960982,1677740619
1961255,1677744210
1961254,1677747807
1961536,1677751403
1961546,1677755000
1961675,1677758591
1961835,1677762184
1961966,1677765784
1962247,1677769377
1962256,1677772974
1962387,1677776556
1962520,1677780152
1962822,1677783751
1962812,1677787348
1963093,1677790936
1963089,1677794533
1963249,1677798127
1963543,1677801715
1963544,1677805311
1963693,1677808909
1963985,1677812495
1963968,1677816092
1964122,1677819686
1964269,1677823277
1964398,1677826872
1964706,1677830460
1964705,1677834057
1964851,1677837647
1964989,1677841238
1965145,1677844835
1965290,1677848429
1965434,1677852022
1965591,1677855620
1965743,1677859209
1965866,1677862798
1966458,1677866380
1966447,1677869981
1966448,1677873581
1966457,1677877177
1966608,1677880773
1966918,1677884370
1966907,1677887966
1967068,1677891558
1967193,1677895156
1967341,1677898751
1967636,1677902340
1967642,1677905937
1967795,1677909525
1967924,1677913117
1968384,1677916698
1968385,1677920299
1968383,1677923895
1968534,1677927491
1968694,1677931083
1968818,1677934676
1969004,1677938272
1969138,1677941867
1969284,1677945459
1969428,1677949054
1969730,1677952653
1969714,1677956250
1969876,1677959844
1970160,1677963436
1970166,1677967032
1970316,1677970628
1970471,1677974216
1970629,1677977805
1970747,1677981396
1970902,1677984986
1971200,1677988569
1971192,1677992166
1971335,1677995754
1971496,1677999348
1971792,1678002937
1971786,1678006533
1971929,1678010124
1972088,1678013719
1972527,1678017307
1972521,1678020907
1972511,1678024504
1972666,1678028095
1972815,1678031689
1973105,1678035270
1973096,1678038867
1973244,1678042469
1973425,1678046067
1973535,1678049661
1973698,1678053252
1973836,1678056837
1973984,1678060427
1974134,1678064019
1974274,1678067609
1974434,1678071200
1974573,1678074794
1974732,1678078386
1975306,1678081954
1975290,1678085555
1975291,1678089155
1975305,1678092751
1975443,1678096343
1975719,1678103528
1975836,1678107123
1975968,1678110719
1976267,1678114317
1976262,1678117914
1976395,1678121510
1976556,1678125106
1976853,1678128690
1976834,1678132287
1976985,1678135880
1977128,1678139471
1977272,1678143065
1977416,1678146663
1977563,1678150259
1977855,1678153851
1977854,1678157448
1977984,1678161039
1978126,1678164631
1978438,1678168220
1978437,1678171817
1978570,1678175410
1978709,1678179003
1978862,1678182596
1979017,1678186186
1979307,1678189778
1979289,1678193375
1979436,1678196967
1979580,1678200560
1979861,1678204156
1979860,1678207752
1980069,1678211346
1980195,1678214937
1980335,1678218529
1980497,1678222121
1980628,1678225713
1980809,1678229301
1980959,1678232893
1981104,1678236490
1981394,1678240087
1981390,1678243683
1981680,1678247278
1981674,1678250875
1981816,1678254468
1982122,1678258066
1982121,1678261662
1982263,1678265255
1982411,1678268850
1982553,1678272442
1982687,1678276035
1982844,1678279628
1982983,1678283225
1983270,1678286819
1983275,1678290416
1983411,1678294007
1983551,1678297597
1983688,1678301186
1983835,1678304785
1984046,1678308373
1984198,1678311966
1984354,1678315557
1984648,1678319150
1984647,1678322747
1984940,1678326341
1984955,1678329938
1985096,1678333534
1985257,1678337124
1985392,1678340715
1985545,1678344309
1985679,1678347903
1985989,1678351497
1985988,1678355093
1986117,1678358688
1986278,1678362279
1986410,1678365865
1986552,1678369457
1986705,1678373048
1986840,1678376640
1986982,1678380234
1987135,1678383835
1987275,1678387426
1987408,1678391019
1987562,1678394611
1987691,1678398205
1987845,1678401796
1988000,1678405381
1988150,1678408977
1988312,1678412571
1988451,1678416166
1988596,1678419760
1988743,1678423353
1988901,1678426939
1989034,1678430532
1989496,1678434118
1989493,1678437719
1989491,1678441315
1989632,1678444910
1989786,1678448507
1989924,1678452099
1990088,1678455694
1990496,1678459286
1990508,1678462886
1990495,1678466483
1990648,1678470076
1990809,1678473671
1990973,1678477267
1991275,1678480865
1991282,1678484461
1991432,1678488055
1991583,1678491651
1992026,1678495235
1992034,1678498836
1992025,1678502432
1992158,1678506032
1992325,1678509630
1992602,1678513202
1992601,1678516799
1992739,1678520391
1992912,1678523979
1993062,1678527570
1993220,1678531162
1993506,1678534758
1993500,1678538354
1993654,1678541948
1993802,1678545550
1993960,1678549142
1994262,1678552727
1994238,1678556324
1994575,1678559923
1994551,1678563520
1994711,1678567115
1994856,1678570708
1995018,1678574297
1995157,1678577884
1995310,1678581481
1995454,1678585077
1995706,1678588671
1995873,1678592261
1996014,1678595851
1996139,1678599445
1996298,1678603037
1996452,1678606629
1996616,1678610219
1996762,1678613810
1996921,1678617403
1997237,1678620992
1997227,1678624589
1997383,1678628182
1997522,1678631779
1997681,1678635372
1997801,1678638966
1997993,1678642561
1998275,1678649747
1998420,1678653340
1998711,1678656926
1998721,1678660522
1998866,1678664118
1999021,1678667712
1999167,1678671307
1999308,1678674903
1999471,1678678496
1999601,1678682088
1999771,1678685677
1999919,1678689270
2000073,1678692862
2000234,1678696455
2000379,1678700046
2000511,1678703641
2000641,1678707237
2001021,1678714422
2001172,1678718018
2001307,1678721619
2001468,1678725216
2001625,1678728812
2001760,1678732405
2001933,1678736003
2002079,1678739591
2002382,1678743178
2002373,1678746774
2002535,1678750368
2002680,1678753960
2002983,1678757552
2002999,1678761148
2003146,1678764743
2004104,1678768308
2004098,1678771908
2004105,1678775508
2004083,1678779109
2004099,1678782709
2004088,1678786304
2004241,1678789897
2004701,1678793485
2004717,1678797085
2004712,1678800682
2004875,1678804284
2005013,1678807883
2005142,1678811477
2005317,1678815071
2005470,1678818665
2005620,1678822256
2005758,1678825848
2005920,1678829435
2006070,1678833027
2006214,1678836620
2006363,1678840214
2006518,1678843802
2006651,1678847392
2006955,1678850981
2006975,1678854578
2007128,1678858170
2007722,1678861753
2007727,1678865354
2007723,1678868954
2007737,1678872550
2007879,1678876144
2008024,1678879736
2008184,1678883326
2008347,1678886919
2008805,1678890555
2008806,1678894155
2008804,1678897752
2008958,1678901344
2009106,1678904934
2009258,1678908542
2009559,1678915747
2009702,1678919340
2010009,1678926553
2010298,1678933743
2010447,1678937353
2010761,1678940956
2010775,1678944553
2010920,1678948155
2011209,1678951747
2011211,1678955344
2011375,1678958939
2011537,1678962533
2011673,1678966124
2011837,1678969717
2012138,1678973306
2012149,1678976903
2012274,1678980498
2012432,1678984092
2012596,1678987685
2012920,1678991273
2012910,1678994870
2013048,1678998462
2013206,1679002054
2013355,1679005647
2013661,1679009235
2013674,1679012832
2013838,1679016423
2014297,1679020008
2014306,1679023608
2014296,1679027205
2014630,1679030786
2014626,1679034382
2014789,1679037975
2014943,1679041565
2015408,1679048753
2015415,1679052350
2015567,1679055944
2015857,1679059535
2015861,1679063131
2016026,1679066722
2016332,1679070316
2016336,1679073913
2016477,1679077506
2016642,1679081100
2016962,1679084688
2016969,1679088284
2017105,1679091880
2017270,1679095473
2017754,1679099066
2017751,1679102666
2017757,1679106262
2017901,1679109853
2018218,1679113448
2018236,1679117045
2018385,1679120635
2018536,1679124228
2018705,1679127814
2018873,1679131400
2019028,1679134990
2019188,1679138578
2019333,1679142168
2019504,1679145769
2019663,1679149365
2019803,1679152960
2019984,1679156554
2020139,1679160149
2020280,1679163743
2020456,1679167335
2020762,1679170924
2020754,1679174520
2020914,1679178115
2021075,1679181705
2021377,1679185296
2021386,1679188893
2021548,1679192486
2021709,1679196079
2021878,1679199670
2022173,1679203259
2022188,1679206856
2022337,1679210447
2022497,1679214039
2022675,1679217630
2022821,1679221218
2022979,1679224808
2023120,1679228400
2023285,1679231993
2023440,1679235591
2023588,1679239192
2023747,1679242786
2023900,1679246381
2024062,1679249974
2024205,1679253564
2024518,1679257153
2024524,1679260749
2024663,1679264345
2024981,1679267933
2024979,1679271530
2025142,1679275121
2025358,1679278714
2025538,1679282306
2025683,1679285896
2025998,1679289486
2026005,1679293083
2026173,1679296674
2026335,1679300268
2026467,1679303855
2026624,1679307447
2026807,1679311040
2026960,1679314627
2027415,1679318209
2027416,1679321809
2027410,1679325405
2027750,1679328996
2027740,1679332593
2027892,1679336188
2028068,1679339787
2028195,1679343378
2028353,1679346971
2028691,1679350562
2028678,1679354158
2028815,1679357750
2029158,1679361340
2029152,1679364937
2029303,1679368529
2029591,1679372118
2029598,1679375715
2029766,1679379309
2030088,1679382898
2030083,1679386495
2030394,1679390082
2030399,1679393678
2030565,1679397275
2030717,1679400883
2031019,1679404470
2031018,1679408067
2031179,1679411662
2031309,1679415258
2031476,1679418852
2031645,1679422446
2031959,1679426041
2031958,1679429638
2032128,1679433232
2032408,1679436824
2032422,1679440421
2032585,1679444012
2032870,1679447605
2032881,1679451202
2033188,1679454790
2033203,1679458387
2033350,1679461980
2033694,1679465571
2033690,1679469168
2033830,1679472760
2034007,1679476354
2034184,1679479948
2034332,1679483541
2034479,1679487136
2034837,1679490721
2034829,1679494318
2034993,1679497916
2035144,1679501509
2035309,1679505099
2035467,1679508691
2035787,1679512283
2035776,1679515880
2035942,1679519471
2036106,1679523063
2036261,1679526652
2036421,1679530247
2036756,1679533830
2036755,1679537426
2037055,1679541034
2037077,1679544631
2037227,1679548224
2037560,1679551812
2037557,1679555408
2038022,1679558987
2038002,1679562587
2038018,1679566184
2038170,1679569782
2038333,1679573377
2038495,1679576971
2038640,1679580559
2038810,1679584152
2038981,1679587743
2039288,1679594938
2039444,1679598533
2039601,1679602130
2039767,1679605726
2039934,1679609321
2040097,1679612908
2040248,1679616499
2040412,1679620091
2040571,1679623685
2040731,1679627275
2040882,1679630870
2041046,1679634463
2041363,1679638050
2041367,1679641646
2041529,1679645239
2041846,1679648824
2041835,1679652420
2042177,1679656005
2042169,1679659601
2042326,1679663200
2042811,1679670394
2042810,1679673991
2043130,1679677582
2043123,1679681179
2043267,1679684776
2043582,1679688369
2043563,1679691966
2043893,1679695559
2043892,1679699156
2044082,1679702748
2044207,1679706339
2044374,1679709933
2044525,1679713527
2044691,1679717120
2044863,1679720716
2045003,1679724305
2045159,1679727896
2045308,1679731487
2045475,1679735077
2045624,1679738667
2045801,1679742260
2045941,1679745848
2046260,1679749442
2046259,1679753039
2046429,1679756632
2046572,1679760225
2046885,1679763814
2046890,1679767411
2047193,1679771002
2047203,1679774598
2047350,1679778189
2047503,1679781778
2047658,1679785368
2047813,1679788961
2047957,1679792557
2048274,1679796141
2048279,1679799738
2048423,1679803327
2048590,1679806922
2048904,1679810511
2048893,1679814107
2049067,1679817694
2049376,1679821279
2049390,1679824876
2049522,1679828464
2049692,1679832058
2049844,1679835650
2050145,1679839241
2050153,1679842838
2050471,1679846435
2050470,1679850032
2050627,1679853630
2050776,1679857226
2051404,1679860800
2051409,1679864400
2051410,1679868000
2051403,1679871596
2051569,1679875192
2051704,1679878782
2051886,1679882375
2052022,1679885972
2052188,1679889562
2052336,1679893158
2052503,1679896750
2052658,1679900345
2052814,1679903934
2052972,1679907526
2053260,1679911122
2053276,1679914719
2053586,1679918310
2053585,1679921906
2053729,1679925505
2053887,1679929096
2054041,1679932690
2054213,1679936283
2054668,1679939860
2054671,1679943460
2054683,1679947057
2054844,1679950653
2054972,1679954246
2055132,1679957839
2055296,1679961433
2055462,1679965029
2055619,1679968620
2055767,1679972220
2055918,1679975812
2056056,1679979409
2056232,1679983003
2056693,1679986591
2056711,1679990191
2056695,1679993787
2056855,1679997378
2057033,1680000968
2057335,1680004559
2057334,1680008156
2057478,1680011746
2057658,1680015339
2057802,1680018934
2057946,1680022520
2058109,1680026112
2058266,1680029705
2058407,1680033298
2058577,1680036899
2058729,1680040492
2058899,1680044085
2059032,1680047675
2059182,1680051260
2059360,1680054853
2059529,1680058447
2059676,1680062046
2059824,1680065638
2059989,1680069233
2060146,1680072824
2060291,1680076419
2060458,1680080007
2060603,1680083601
2060767,1680087193
2060924,1680090785
2061073,1680094381
2061218,1680097976
2061378,1680101565
2061704,1680105159
2061677,1680108756
2061855,1680112344
2062009,1680115924
2062162,1680119522
2062455,1680123122
2062457,1680126718
2062607,1680130314
2062755,1680133906
2062917,1680137494
2063078,1680141095
2063683,1680151852
2063687,1680155449
2063961,1680159031
2063960,1680162628
2064290,1680166253
2064289,1680169849
2064456,1680173442
2064613,1680177034
2064756,1680180631
2065061,1680184225
2065066,1680187822
2065200,1680191403
2065362,1680195002
2065511,1680198602
2065644,1680202212
2065980,1680205808
2065969,1680209405
2066135,1680212986
2066434,1680216595
2066440,1680220192
2066580,1680223789
2066728,1680227382
2066900,1680230980
2067201,1680234560
2067208,1680238157
2067363,1680241749
2067519,1680245340
2067812,1680248928
2067811,1680252525
2067966,1680256120
2068138,1680259714
2068445,1680263305
2068436,1680266901
2068591,1680270497
2068741,1680274095
2068912,1680277685
2069040,1680281280
2069184,1680284879
2069447,1680288474
2069457,1680292071
2069595,1680295665
2069737,1680299258
2069877,1680302851
2070024,1680306445
2070158,1680310039
2070319,1680313632
2070472,1680317225
2070641,1680320818
2071271,1680324399
2071274,1680328000
2071275,1680331600
2071263,1680335196
2071422,1680338793
2071583,1680342389
2071748,1680345980
2071889,1680349573
2072051,1680353163
2072206,1680356754
2072367,1680360346
2072517,1680363942
2072676,1680367530
2072805,1680371120
2072947,1680374713
2073093,1680378302
2073377,1680381892
2073386,1680385489
2073544,1680389082
2074152,1680479061
2074164,1680396261
2074154,1680399862
2074171,1680403458
2074485,1680407051
2074472,1680410647
2074626,1680414242
2074773,1680417836
2074946,1680421425
2075099,1680425016
2075547,1680428599
2075548,1680432200
2075560,1680435796
2075705,1680439391
2076162,1680442974
2076150,1680446575
2076147,1680450171
2076312,1680453767
2076468,1680457361
2076607,1680460954
2076784,1680464547
2076915,1680468141
2077072,1680471731
2077228,1680475322
2077383,1680478915
2077676,1680482505
2077675,1680486102
2077821,1680489689
2077972,1680493280
2078122,1680496876
2078281,1680500470
2078567,1680504064
2078563,1680507661
2078716,1680511253
2078854,1680514846
2079013,1680518439
2079180,1680522032
2079316,1680525625
2079602,1680529212
2079601,1680532809
2079764,1680536401
2079893,1680539997
2080028,1680543592
2080178,1680547188
2080603,1680550775
2080591,1680554376
2080602,1680557972
2080717,1680561565
2080867,1680565161
2081001,1680568757
2081144,1680572350
2081279,1680575944
2081419,1680579542
2081714,1680583135
2081716,1680586732
2081842,1680590327
2082002,1680593921
2082146,1680597511
2082325,1680601102
2082457,1680604700
2082615,1680608288
2082914,1680611883
2082917,1680615480
2083061,1680619077
2083224,1680622667
2083343,1680626255
2083899,1680629833
2083900,1680633434
2083885,1680637034
2083898,1680640630
2084048,1680644226
2084181,1680647816
2084335,1680651409
2084476,1680655005
2084620,1680658599
2084931,1680662181
2084920,1680665778
2085508,1680669349
2085517,1680672949
2085511,1680676549
2085510,1680680146
2085662,1680683745
2085798,1680687339
2085937,1680690928
2086088,1680694520
2086247,1680698115
2086390,1680701705
2086547,1680705300
2086677,1680708892
2086835,1680712486
2086984,1680716085
2087144,1680719671
2087564,1680723256
2087571,1680730453
2087732,1680734046
2087877,1680737636
2088014,1680741232
2088452,1680744817
2088453,1680748417
2088465,1680752013
2088607,1680755607
2088753,1680759199
2088913,1680762792
2089202,1680766384
2089196,1680769980
2089353,1680773575
2089496,1680777174
2089658,1680780766
2089793,1680784362
2089945,1680787952
2090088,1680791545
2090234,1680795141
2090381,1680798731
2090545,1680802329
2090679,1680805927
2090832,1680809519
2091127,1680813103
2091126,1680816700
2091266,1680820292
2091413,1680823885
2091559,1680827481
2091702,1680831074
2091836,1680834665
2092117,1680838262
2092101,1680841859
2092225,1680845445
2092360,1680849035
2092627,1680852623
2092621,1680856220
2092743,1680859815
2092984,1680863400
2092979,1680866997
2093097,1680870592
2093224,1680874186
2093570,1680877781
2093571,1680881383
2093564,1680884978
2093670,1680888574
2093794,1680892171
2093917,1680895766
2094032,1680899362
2094252,1680902958
2094258,1680906554
2094366,1680910149
2094489,1680913741
2094741,1680917324
2094742,1680920927
2094870,1680924517
2095242,1680928093
2095243,1680931693
2095255,1680935290
2095369,1680938886
2095754,1680942470
2095759,1680946071
2095769,1680949667
2095886,1680953260
2096017,1680956854
2096135,1680960440
2096270,1680964035
2096381,1680967630
2096520,1680971222
2096657,1680974813
2096879,1680978405
2096896,1680982002
2097294,1680985586
2097284,1680989186
2097289,1680992783
2097410,1680996376
2097547,1680999972
2097672,1681003563
2097922,1681007154
2097939,1681010751
2098180,1681014341
2098185,1681017938
2098307,1681021529
2098451,1681025121
2098573,1681028715
2098694,1681032304
2098821,1681035896
2098949,1681039491
2099202,1681043082
2099196,1681046679
2099328,1681050269
2099450,1681053863
2099734,1681057455
2099743,1681061051
2099999,1681064648
2100015,1681068245
2100150,1681071833
2100288,1681075430
2100443,1681079023
2100586,1681082615
2100733,1681086204
2100879,1681089796
2101324,1681093387
2101317,1681096987
2101311,1681100583
2101446,1681104176
2101606,1681107766
2101745,1681111359
2101885,1681114952
2102029,1681118542
2102198,1681122134
2102329,1681125726
2102469,1681129319
2102754,1681132910
2102763,1681136507
2102904,1681140095
2103069,1681143689
2103201,1681147286
2103351,1681150882
2103481,1681154476
2103648,1681158071
2103782,1681161664
2104055,1681165254
2104054,1681168851
2104212,1681172449
2104358,1681176043
2104494,1681179637
2104623,1681183227
2104763,1681186821
2105011,1681190408
2105019,1681194005
2105131,1681197598
2105278,1681201190
2105663,1681204767
2105655,1681208367
2105667,1681211963
2105796,1681215564
2106211,1681222753
2106210,1681226350
2106660,1681229944
2106668,1681233545
2106667,1681237141
2106806,1681240734
2106934,1681244327
2107058,1681247925
2107323,1681251518
2107311,1681255115
2107468,1681258702
2107582,1681262298
2107718,1681265890
2107832,1681269485
2107973,1681273080
2108095,1681276669
2108236,1681280264
2108344,1681283854
2108612,1681287449
2108614,1681291046
2108745,1681294638
2108869,1681298231
2109010,1681301825
2109122,1681305415
2109251,1681309007
2109377,1681312601
2109492,1681316194
2109760,1681319777
2109748,1681323374
2110023,1681326967
2110014,1681330564
2110152,1681334157
2110406,1681337749
2110404,1681341346
2110543,1681344938
2110692,1681348533
2110835,1681352127
2110980,1681355726
2111120,1681359319
2111411,1681362910
2111416,1681366507
2111563,1681370103
2111699,1681373695
2111969,1681377291
2111965,1681380887
2112098,1681384480
2112232,1681388074
2112365,1681391668
2112484,1681395264
2112614,1681398852
2112883,1681402438
2112891,1681406035
2113016,1681409621
2113278,1681416803
2113413,1681420408
2113530,1681424002
2113791,1681513992
2113801,1681431196
2113935,1681434784
2114190,1681438375
2114204,1681441972
2114469,1681445553
2114470,1681449156
2114720,1681452745
2114730,1681456342
2114862,1681459935
2114976,1681463527
2115117,1681467116
2115240,1681470708
2115370,1681474301
2115494,1681477893